{"cameraMode":{"drawMode":0,"name":"Shaded","section":"Shading Mode"},"sceneLighting":false,"audioPlay":false,"sceneViewState":{"showFog":true,"showMaterialUpdate":false,"showSkybox":false,"showFlares":true,"showImageEffects":true,"showParticleSystems":true},"in2DMode":false,"pivot":{"x":576.6436157226563,"y":35.599998474121097,"z":149.70068359375},"rotation":{"x":-0.005152741447091103,"y":0.9930161237716675,"z":-0.1079760193824768,"w":-0.04740254208445549},"size":156.2913360595703,"orthographic":false}