{"cameraMode":{"drawMode":0,"name":"Shaded","section":"Shading Mode"},"sceneLighting":true,"audioPlay":false,"sceneViewState":{"showFog":true,"showMaterialUpdate":false,"showSkybox":true,"showFlares":true,"showImageEffects":true,"showParticleSystems":true},"in2DMode":false,"pivot":{"x":615.3671264648438,"y":35.94682693481445,"z":130.7336883544922},"rotation":{"x":-0.001818389049731195,"y":0.9962174296379089,"z":0.021523432806134225,"w":0.08417689055204392},"size":57.870967864990237,"orthographic":false}