{"cameraMode":{"drawMode":0,"name":"Shaded","section":"Shading Mode"},"sceneLighting":true,"audioPlay":false,"sceneViewState":{"showFog":true,"showMaterialUpdate":false,"showSkybox":true,"showFlares":true,"showImageEffects":true,"showParticleSystems":true},"in2DMode":false,"pivot":{"x":591.4056396484375,"y":16.808761596679689,"z":180.61936950683595},"rotation":{"x":-0.20408651232719422,"y":0.6607911586761475,"z":-0.19381792843341828,"w":-0.6958003044128418},"size":33.49386215209961,"orthographic":false}