{"cameraMode":{"drawMode":0,"name":"Shaded","section":"Shading Mode"},"sceneLighting":true,"audioPlay":false,"sceneViewState":{"showFog":true,"showMaterialUpdate":true,"showSkybox":true,"showFlares":true,"showImageEffects":true,"showParticleSystems":true},"in2DMode":false,"pivot":{"x":454.78082275390627,"y":-11.342317581176758,"z":178.44606018066407},"rotation":{"x":-0.12765702605247498,"y":0.6121681332588196,"z":-0.10099096596240998,"w":-0.773810863494873},"size":49.78998947143555,"orthographic":false}