{"cameraMode":{"drawMode":0,"name":"Shaded","section":"Shading Mode"},"sceneLighting":true,"audioPlay":false,"sceneViewState":{"showFog":true,"showMaterialUpdate":false,"showSkybox":true,"showFlares":true,"showImageEffects":true,"showParticleSystems":true},"in2DMode":false,"pivot":{"x":353.67791748046877,"y":1.9516384601593018,"z":340.7667541503906},"rotation":{"x":0.010068632662296296,"y":0.9873424172401428,"z":-0.0700303465127945,"w":0.14195989072322846},"size":1037.520263671875,"orthographic":false}