{"cameraMode":{"drawMode":0,"name":"Shaded","section":"Shading Mode"},"sceneLighting":true,"audioPlay":false,"sceneViewState":{"showFog":true,"showMaterialUpdate":false,"showSkybox":true,"showFlares":true,"showImageEffects":true,"showParticleSystems":true},"in2DMode":false,"pivot":{"x":552.1702270507813,"y":7.337314605712891,"z":151.1875},"rotation":{"x":0.19656814634799958,"y":-0.5597814917564392,"z":0.1387702077627182,"w":0.7929401993751526},"size":21.713857650756837,"orthographic":false}