{"cameraMode":{"drawMode":0,"name":"Shaded","section":"Shading Mode"},"sceneLighting":true,"audioPlay":false,"sceneViewState":{"showFog":true,"showMaterialUpdate":true,"showSkybox":true,"showFlares":true,"showImageEffects":true,"showParticleSystems":true},"in2DMode":false,"pivot":{"x":529.9660034179688,"y":203.35369873046876,"z":-49.1893310546875},"rotation":{"x":0.17902857065200807,"y":-0.005612448789179325,"z":0.0010155423078685999,"w":0.983839750289917},"size":1201.046875,"orthographic":false}