{"cameraMode":{"drawMode":0,"name":"Shaded","section":"Shading Mode"},"sceneLighting":true,"audioPlay":false,"sceneViewState":{"showFog":true,"showMaterialUpdate":true,"showSkybox":true,"showFlares":true,"showImageEffects":true,"showParticleSystems":true},"in2DMode":false,"pivot":{"x":428.944580078125,"y":-32.158103942871097,"z":19.720703125},"rotation":{"x":-0.048787619918584827,"y":0.9466210603713989,"z":-0.1722559779882431,"w":-0.2681111991405487},"size":425.92364501953127,"orthographic":false}