{"cameraMode":{"drawMode":0,"name":"Shaded","section":"Shading Mode"},"sceneLighting":true,"audioPlay":false,"sceneViewState":{"showFog":true,"showMaterialUpdate":false,"showSkybox":true,"showFlares":true,"showImageEffects":true,"showParticleSystems":true},"in2DMode":false,"pivot":{"x":-129.57534790039063,"y":183.68893432617188,"z":733.5130615234375},"rotation":{"x":0.07610031962394715,"y":0.913120448589325,"z":-0.2003605216741562,"w":0.3468337655067444},"size":624.1245727539063,"orthographic":false}