{"cameraMode":{"drawMode":0,"name":"Shaded","section":"Shading Mode"},"sceneLighting":true,"audioPlay":false,"sceneViewState":{"showFog":true,"showMaterialUpdate":false,"showSkybox":true,"showFlares":true,"showImageEffects":true,"showParticleSystems":true},"in2DMode":false,"pivot":{"x":489.2538757324219,"y":1.653512716293335,"z":349.8406066894531},"rotation":{"x":0.010068632662296296,"y":0.9873424172401428,"z":-0.0700303465127945,"w":0.14195989072322846},"size":19.4582462310791,"orthographic":false}