{"cameraMode":{"drawMode":0,"name":"Shaded","section":"Shading Mode"},"sceneLighting":false,"audioPlay":false,"sceneViewState":{"showFog":true,"showMaterialUpdate":false,"showSkybox":false,"showFlares":true,"showImageEffects":true,"showParticleSystems":true},"in2DMode":false,"pivot":{"x":0.8362083435058594,"y":0.5453696250915527,"z":1.7610020637512208},"rotation":{"x":0.13025327026844026,"y":-0.8480951189994812,"z":0.24461720883846284,"w":0.4515925943851471},"size":2.168510675430298,"orthographic":false}