{"cameraMode":{"drawMode":0,"name":"Shaded","section":"Shading Mode"},"sceneLighting":true,"audioPlay":false,"sceneViewState":{"showFog":true,"showMaterialUpdate":true,"showSkybox":true,"showFlares":true,"showImageEffects":true,"showParticleSystems":true},"in2DMode":false,"pivot":{"x":491.5,"y":3.9348056316375734,"z":167.17999267578126},"rotation":{"x":-0.12765702605247498,"y":0.6121681332588196,"z":-0.10099096596240998,"w":-0.773810863494873},"size":8.905982971191407,"orthographic":false}