{"cameraMode":{"drawMode":0,"name":"Shaded","section":"Shading Mode"},"sceneLighting":true,"audioPlay":false,"sceneViewState":{"showFog":true,"showMaterialUpdate":true,"showSkybox":true,"showFlares":true,"showImageEffects":true,"showParticleSystems":true},"in2DMode":false,"pivot":{"x":408.6820068359375,"y":3.9703369140625,"z":50.761474609375},"rotation":{"x":0.19551417231559754,"y":-0.22971169650554658,"z":0.047158028930425647,"w":0.9522644281387329},"size":3478.076904296875,"orthographic":false}