{"cameraMode":{"drawMode":0,"name":"Shaded","section":"Shading Mode"},"sceneLighting":true,"audioPlay":false,"sceneViewState":{"showFog":true,"showMaterialUpdate":true,"showSkybox":true,"showFlares":true,"showImageEffects":true,"showParticleSystems":true},"in2DMode":false,"pivot":{"x":458.0653991699219,"y":85.38898468017578,"z":80.0478286743164},"rotation":{"x":-0.07518836855888367,"y":0.03648519143462181,"z":-0.0027558542788028719,"w":-0.9965007305145264},"size":5.255741596221924,"orthographic":false}