{"cameraMode":{"drawMode":0,"name":"Shaded","section":"Shading Mode"},"sceneLighting":true,"audioPlay":false,"sceneViewState":{"showFog":true,"showMaterialUpdate":false,"showSkybox":true,"showFlares":true,"showImageEffects":true,"showParticleSystems":true},"in2DMode":false,"pivot":{"x":113.55999755859375,"y":1.50600004196167,"z":538.969970703125},"rotation":{"x":0.05795473977923393,"y":0.6696397662162781,"z":-0.0525466613471508,"w":0.7385590672492981},"size":6.098949432373047,"orthographic":false}