{"cameraMode":{"drawMode":0,"name":"Shaded","section":"Shading Mode"},"sceneLighting":true,"audioPlay":false,"sceneViewState":{"showFog":true,"showMaterialUpdate":true,"showSkybox":true,"showFlares":true,"showImageEffects":true,"showParticleSystems":true},"in2DMode":false,"pivot":{"x":537.6041870117188,"y":114.64469909667969,"z":397.9504699707031},"rotation":{"x":-0.12205995619297028,"y":0.8768317699432373,"z":0.3044479191303253,"w":0.3515411615371704},"size":52.88006591796875,"orthographic":false}