{"cameraMode":{"drawMode":0,"name":"Shaded","section":"Shading Mode"},"sceneLighting":true,"audioPlay":false,"sceneViewState":{"showFog":true,"showMaterialUpdate":false,"showSkybox":true,"showFlares":true,"showImageEffects":true,"showParticleSystems":true},"in2DMode":false,"pivot":{"x":331.3832092285156,"y":42.74303436279297,"z":538.3563232421875},"rotation":{"x":-0.08748786896467209,"y":0.8990306258201599,"z":-0.2103215456008911,"w":-0.3739715814590454},"size":92.42408752441406,"orthographic":false}